{
  "patients": [
    {
      "id": 1,
      "name": "Patient 1",
      "age": 85,
      "gender": "Male",
      "medicalHistory": "Medical History for Patient 1",
      "currentCondition": "Critical",
      "vitalSigns": {
        "heartRate": 69,
        "bloodPressure": "95/66",
        "temperature": 96.9,
        "respiratoryRate": 29
      }
    },
    {
      "id": 2,
      "name": "Patient 2",
      "age": 57,
      "gender": "Female",
      "medicalHistory": "Medical History for Patient 2",
      "currentCondition": "Stable",
      "vitalSigns": {
        "heartRate": 70,
        "bloodPressure": "91/72",
        "temperature": 93.3,
        "respiratoryRate": 24
      }
    },
    {
      "id": 3,
      "name": "Patient 3",
      "age": 83,
      "gender": "Male",
      "medicalHistory": "Medical History for Patient 3",
      "currentCondition": "Stable",
      "vitalSigns": {
        "heartRate": 143,
        "bloodPressure": "106/79",
        "temperature": 94.6,
        "respiratoryRate": 29
      }
    },
    {
      "id": 4,
      "name": "Patient 4",
      "age": 21,
      "gender": "Male",
      "medicalHistory": "Medical History for Patient 4",
      "currentCondition": "Critical",
      "vitalSigns": {
        "heartRate": 96,
        "bloodPressure": "123/79",
        "temperature": 96.8,
        "respiratoryRate": 29
      }
    },
    {
      "id": 5,
      "name": "Patient 5",
      "age": 75,
      "gender": "Male",
      "medicalHistory": "Medical History for Patient 5",
      "currentCondition": "Stable",
      "vitalSigns": {
        "heartRate": 82,
        "bloodPressure": "99/70",
        "temperature": 95.7,
        "respiratoryRate": 27
      }
    },
    {
      "id": 6,
      "name": "Patient 6",
      "age": 75,
      "gender": "Female",
      "medicalHistory": "Medical History for Patient 6",
      "currentCondition": "Stable",
      "vitalSigns": {
        "heartRate": 98,
        "bloodPressure": "108/60",
        "temperature": 93.1,
        "respiratoryRate": 17
      }
    },
    {
      "id": 7,
      "name": "Patient 7",
      "age": 77,
      "gender": "Male",
      "medicalHistory": "Medical History for Patient 7",
      "currentCondition": "Critical",
      "vitalSigns": {
        "heartRate": 82,
        "bloodPressure": "111/83",
        "temperature": 93.1,
        "respiratoryRate": 29
      }
    },
    {
      "id": 8,
      "name": "Patient 8",
      "age": 69,
      "gender": "Female",
      "medicalHistory": "Medical History for Patient 8",
      "currentCondition": "Critical",
      "vitalSigns": {
        "heartRate": 133,
        "bloodPressure": "92/76",
        "temperature": 96.4,
        "respiratoryRate": 22
      }
    },
    {
      "id": 9,
      "name": "Patient 9",
      "age": 42,
      "gender": "Female",
      "medicalHistory": "Medical History for Patient 9",
      "currentCondition": "Stable",
      "vitalSigns": {
        "heartRate": 82,
        "bloodPressure": "113/83",
        "temperature": 96.9,
        "respiratoryRate": 23
      }
    },
    {
      "id": 10,
      "name": "Patient 10",
      "age": 21,
      "gender": "Male",
      "medicalHistory": "Medical History for Patient 10",
      "currentCondition": "Critical",
      "vitalSigns": {
        "heartRate": 143,
        "bloodPressure": "95/68",
        "temperature": 94.8,
        "respiratoryRate": 14
      }
    },
    {
      "id": 11,
      "name": "Patient 11",
      "age": 31,
      "gender": "Male",
      "medicalHistory": "Medical History for Patient 11",
      "currentCondition": "Stable",
      "vitalSigns": {
        "heartRate": 94,
        "bloodPressure": "126/62",
        "temperature": 94.7,
        "respiratoryRate": 17
      }
    },
    {
      "id": 12,
      "name": "Patient 12",
      "age": 30,
      "gender": "Male",
      "medicalHistory": "Medical History for Patient 12",
      "currentCondition": "Critical",
      "vitalSigns": {
        "heartRate": 99,
        "bloodPressure": "131/63",
        "temperature": 96.9,
        "respiratoryRate": 20
      }
    },
    {
      "id": 13,
      "name": "Patient 13",
      "age": 46,
      "gender": "Male",
      "medicalHistory": "Medical History for Patient 13",
      "currentCondition": "Stable",
      "vitalSigns": {
        "heartRate": 142,
        "bloodPressure": "126/70",
        "temperature": 94.1,
        "respiratoryRate": 28
      }
    },
    {
      "id": 14,
      "name": "Patient 14",
      "age": 79,
      "gender": "Female",
      "medicalHistory": "Medical History for Patient 14",
      "currentCondition": "Stable",
      "vitalSigns": {
        "heartRate": 66,
        "bloodPressure": "94/84",
        "temperature": 93.3,
        "respiratoryRate": 28
      }
    },
    {
      "id": 15,
      "name": "Patient 15",
      "age": 44,
      "gender": "Female",
      "medicalHistory": "Medical History for Patient 15",
      "currentCondition": "Critical",
      "vitalSigns": {
        "heartRate": 63,
        "bloodPressure": "139/61",
        "temperature": 93.5,
        "respiratoryRate": 13
      }
    },
    {
      "id": 16,
      "name": "Patient 16",
      "age": 60,
      "gender": "Female",
      "medicalHistory": "Medical History for Patient 16",
      "currentCondition": "Critical",
      "vitalSigns": {
        "heartRate": 138,
        "bloodPressure": "122/88",
        "temperature": 96.1,
        "respiratoryRate": 18
      }
    },
    {
      "id": 17,
      "name": "Patient 17",
      "age": 87,
      "gender": "Female",
      "medicalHistory": "Medical History for Patient 17",
      "currentCondition": "Critical",
      "vitalSigns": {
        "heartRate": 69,
        "bloodPressure": "133/61",
        "temperature": 93.1,
        "respiratoryRate": 29
      }
    },
    {
      "id": 18,
      "name": "Patient 18",
      "age": 35,
      "gender": "Female",
      "medicalHistory": "Medical History for Patient 18",
      "currentCondition": "Stable",
      "vitalSigns": {
        "heartRate": 134,
        "bloodPressure": "92/87",
        "temperature": 96.4,
        "respiratoryRate": 23
      }
    },
    {
      "id": 19,
      "name": "Patient 19",
      "age": 78,
      "gender": "Male",
      "medicalHistory": "Medical History for Patient 19",
      "currentCondition": "Critical",
      "vitalSigns": {
        "heartRate": 103,
        "bloodPressure": "120/90",
        "temperature": 94.8,
        "respiratoryRate": 24
      }
    },
    {
      "id": 20,
      "name": "Patient 20",
      "age": 46,
      "gender": "Female",
      "medicalHistory": "Medical History for Patient 20",
      "currentCondition": "Stable",
      "vitalSigns": {
        "heartRate": 62,
        "bloodPressure": "92/75",
        "temperature": 94.3,
        "respiratoryRate": 17
      }
    },
    {
      "id": 21,
      "name": "Patient 21",
      "age": 56,
      "gender": "Male",
      "medicalHistory": "Medical History for Patient 21",
      "currentCondition": "Stable",
      "vitalSigns": {
        "heartRate": 105,
        "bloodPressure": "94/64",
        "temperature": 94.4,
        "respiratoryRate": 21
      }
    },
    {
      "id": 22,
      "name": "Patient 22",
      "age": 85,
      "gender": "Male",
      "medicalHistory": "Medical History for Patient 22",
      "currentCondition": "Stable",
      "vitalSigns": {
        "heartRate": 98,
        "bloodPressure": "128/84",
        "temperature": 94.4,
        "respiratoryRate": 23
      }
    },
    {
      "id": 23,
      "name": "Patient 23",
      "age": 66,
      "gender": "Female",
      "medicalHistory": "Medical History for Patient 23",
      "currentCondition": "Critical",
      "vitalSigns": {
        "heartRate": 125,
        "bloodPressure": "119/81",
        "temperature": 96.6,
        "respiratoryRate": 16
      }
    },
    {
      "id": 24,
      "name": "Patient 24",
      "age": 85,
      "gender": "Female",
      "medicalHistory": "Medical History for Patient 24",
      "currentCondition": "Critical",
      "vitalSigns": {
        "heartRate": 144,
        "bloodPressure": "125/64",
        "temperature": 93.2,
        "respiratoryRate": 28
      }
    },
    {
      "id": 25,
      "name": "Patient 25",
      "age": 87,
      "gender": "Female",
      "medicalHistory": "Medical History for Patient 25",
      "currentCondition": "Critical",
      "vitalSigns": {
        "heartRate": 128,
        "bloodPressure": "106/77",
        "temperature": 93.6,
        "respiratoryRate": 24
      }
    },
    {
      "id": 26,
      "name": "Patient 26",
      "age": 75,
      "gender": "Female",
      "medicalHistory": "Medical History for Patient 26",
      "currentCondition": "Critical",
      "vitalSigns": {
        "heartRate": 137,
        "bloodPressure": "118/69",
        "temperature": 93.8,
        "respiratoryRate": 15
      }
    },
    {
      "id": 27,
      "name": "Patient 27",
      "age": 69,
      "gender": "Female",
      "medicalHistory": "Medical History for Patient 27",
      "currentCondition": "Stable",
      "vitalSigns": {
        "heartRate": 150,
        "bloodPressure": "91/65",
        "temperature": 96.5,
        "respiratoryRate": 13
      }
    },
    {
      "id": 28,
      "name": "Patient 28",
      "age": 45,
      "gender": "Female",
      "medicalHistory": "Medical History for Patient 28",
      "currentCondition": "Critical",
      "vitalSigns": {
        "heartRate": 123,
        "bloodPressure": "114/73",
        "temperature": 94.3,
        "respiratoryRate": 16
      }
    },
    {
      "id": 29,
      "name": "Patient 29",
      "age": 22,
      "gender": "Male",
      "medicalHistory": "Medical History for Patient 29",
      "currentCondition": "Stable",
      "vitalSigns": {
        "heartRate": 60,
        "bloodPressure": "115/87",
        "temperature": 95.9,
        "respiratoryRate": 18
      }
    },
    {
      "id": 30,
      "name": "Patient 30",
      "age": 57,
      "gender": "Female",
      "medicalHistory": "Medical History for Patient 30",
      "currentCondition": "Stable",
      "vitalSigns": {
        "heartRate": 124,
        "bloodPressure": "122/89",
        "temperature": 96.8,
        "respiratoryRate": 28
      }
    },
    {
      "id": 31,
      "name": "Patient 31",
      "age": 74,
      "gender": "Female",
      "medicalHistory": "Medical History for Patient 31",
      "currentCondition": "Critical",
      "vitalSigns": {
        "heartRate": 124,
        "bloodPressure": "125/77",
        "temperature": 93.9,
        "respiratoryRate": 12
      }
    },
    {
      "id": 32,
      "name": "Patient 32",
      "age": 39,
      "gender": "Female",
      "medicalHistory": "Medical History for Patient 32",
      "currentCondition": "Critical",
      "vitalSigns": {
        "heartRate": 120,
        "bloodPressure": "103/75",
        "temperature": 96,
        "respiratoryRate": 26
      }
    },
    {
      "id": 33,
      "name": "Patient 33",
      "age": 88,
      "gender": "Male",
      "medicalHistory": "Medical History for Patient 33",
      "currentCondition": "Critical",
      "vitalSigns": {
        "heartRate": 104,
        "bloodPressure": "92/74",
        "temperature": 93.5,
        "respiratoryRate": 13
      }
    },
    {
      "id": 34,
      "name": "Patient 34",
      "age": 82,
      "gender": "Female",
      "medicalHistory": "Medical History for Patient 34",
      "currentCondition": "Critical",
      "vitalSigns": {
        "heartRate": 96,
        "bloodPressure": "107/76",
        "temperature": 94.4,
        "respiratoryRate": 28
      }
    },
    {
      "id": 35,
      "name": "Patient 35",
      "age": 18,
      "gender": "Female",
      "medicalHistory": "Medical History for Patient 35",
      "currentCondition": "Stable",
      "vitalSigns": {
        "heartRate": 87,
        "bloodPressure": "104/84",
        "temperature": 94.6,
        "respiratoryRate": 23
      }
    },
    {
      "id": 36,
      "name": "Patient 36",
      "age": 21,
      "gender": "Female",
      "medicalHistory": "Medical History for Patient 36",
      "currentCondition": "Critical",
      "vitalSigns": {
        "heartRate": 76,
        "bloodPressure": "108/90",
        "temperature": 93,
        "respiratoryRate": 13
      }
    },
    {
      "id": 37,
      "name": "Patient 37",
      "age": 61,
      "gender": "Male",
      "medicalHistory": "Medical History for Patient 37",
      "currentCondition": "Stable",
      "vitalSigns": {
        "heartRate": 141,
        "bloodPressure": "95/64",
        "temperature": 96.7,
        "respiratoryRate": 19
      }
    },
    {
      "id": 38,
      "name": "Patient 38",
      "age": 86,
      "gender": "Male",
      "medicalHistory": "Medical History for Patient 38",
      "currentCondition": "Stable",
      "vitalSigns": {
        "heartRate": 121,
        "bloodPressure": "97/84",
        "temperature": 96.3,
        "respiratoryRate": 27
      }
    },
    {
      "id": 39,
      "name": "Patient 39",
      "age": 35,
      "gender": "Male",
      "medicalHistory": "Medical History for Patient 39",
      "currentCondition": "Critical",
      "vitalSigns": {
        "heartRate": 67,
        "bloodPressure": "96/60",
        "temperature": 94.8,
        "respiratoryRate": 19
      }
    },
    {
      "id": 40,
      "name": "Patient 40",
      "age": 89,
      "gender": "Female",
      "medicalHistory": "Medical History for Patient 40",
      "currentCondition": "Critical",
      "vitalSigns": {
        "heartRate": 60,
        "bloodPressure": "129/65",
        "temperature": 95.6,
        "respiratoryRate": 29
      }
    },
    {
      "id": 41,
      "name": "Patient 41",
      "age": 85,
      "gender": "Male",
      "medicalHistory": "Medical History for Patient 41",
      "currentCondition": "Stable",
      "vitalSigns": {
        "heartRate": 114,
        "bloodPressure": "101/89",
        "temperature": 93.8,
        "respiratoryRate": 25
      }
    },
    {
      "id": 42,
      "name": "Patient 42",
      "age": 74,
      "gender": "Male",
      "medicalHistory": "Medical History for Patient 42",
      "currentCondition": "Critical",
      "vitalSigns": {
        "heartRate": 81,
        "bloodPressure": "94/76",
        "temperature": 95.9,
        "respiratoryRate": 24
      }
    },
    {
      "id": 43,
      "name": "Patient 43",
      "age": 22,
      "gender": "Female",
      "medicalHistory": "Medical History for Patient 43",
      "currentCondition": "Stable",
      "vitalSigns": {
        "heartRate": 146,
        "bloodPressure": "112/73",
        "temperature": 93.6,
        "respiratoryRate": 14
      }
    },
    {
      "id": 44,
      "name": "Patient 44",
      "age": 27,
      "gender": "Female",
      "medicalHistory": "Medical History for Patient 44",
      "currentCondition": "Critical",
      "vitalSigns": {
        "heartRate": 148,
        "bloodPressure": "122/64",
        "temperature": 97,
        "respiratoryRate": 13
      }
    },
    {
      "id": 45,
      "name": "Patient 45",
      "age": 32,
      "gender": "Male",
      "medicalHistory": "Medical History for Patient 45",
      "currentCondition": "Stable",
      "vitalSigns": {
        "heartRate": 122,
        "bloodPressure": "125/68",
        "temperature": 93,
        "respiratoryRate": 12
      }
    },
    {
      "id": 46,
      "name": "Patient 46",
      "age": 81,
      "gender": "Male",
      "medicalHistory": "Medical History for Patient 46",
      "currentCondition": "Stable",
      "vitalSigns": {
        "heartRate": 62,
        "bloodPressure": "125/83",
        "temperature": 94,
        "respiratoryRate": 26
      }
    },
    {
      "id": 47,
      "name": "Patient 47",
      "age": 82,
      "gender": "Female",
      "medicalHistory": "Medical History for Patient 47",
      "currentCondition": "Critical",
      "vitalSigns": {
        "heartRate": 86,
        "bloodPressure": "91/73",
        "temperature": 96.9,
        "respiratoryRate": 24
      }
    },
    {
      "id": 48,
      "name": "Patient 48",
      "age": 32,
      "gender": "Male",
      "medicalHistory": "Medical History for Patient 48",
      "currentCondition": "Critical",
      "vitalSigns": {
        "heartRate": 75,
        "bloodPressure": "123/76",
        "temperature": 96.2,
        "respiratoryRate": 29
      }
    },
    {
      "id": 49,
      "name": "Patient 49",
      "age": 40,
      "gender": "Male",
      "medicalHistory": "Medical History for Patient 49",
      "currentCondition": "Critical",
      "vitalSigns": {
        "heartRate": 129,
        "bloodPressure": "124/64",
        "temperature": 93.4,
        "respiratoryRate": 24
      }
    },
    {
      "id": 50,
      "name": "Patient 50",
      "age": 21,
      "gender": "Male",
      "medicalHistory": "Medical History for Patient 50",
      "currentCondition": "Critical",
      "vitalSigns": {
        "heartRate": 106,
        "bloodPressure": "106/86",
        "temperature": 96.5,
        "respiratoryRate": 13
      }
    },
    {
      "id": 51,
      "name": "Patient 51",
      "age": 42,
      "gender": "Male",
      "medicalHistory": "Medical History for Patient 51",
      "currentCondition": "Stable",
      "vitalSigns": {
        "heartRate": 81,
        "bloodPressure": "94/79",
        "temperature": 93,
        "respiratoryRate": 19
      }
    },
    {
      "id": 52,
      "name": "Patient 52",
      "age": 81,
      "gender": "Female",
      "medicalHistory": "Medical History for Patient 52",
      "currentCondition": "Stable",
      "vitalSigns": {
        "heartRate": 146,
        "bloodPressure": "127/72",
        "temperature": 95.7,
        "respiratoryRate": 25
      }
    },
    {
      "id": 53,
      "name": "Patient 53",
      "age": 18,
      "gender": "Male",
      "medicalHistory": "Medical History for Patient 53",
      "currentCondition": "Critical",
      "vitalSigns": {
        "heartRate": 104,
        "bloodPressure": "97/83",
        "temperature": 94.5,
        "respiratoryRate": 26
      }
    },
    {
      "id": 54,
      "name": "Patient 54",
      "age": 80,
      "gender": "Female",
      "medicalHistory": "Medical History for Patient 54",
      "currentCondition": "Stable",
      "vitalSigns": {
        "heartRate": 101,
        "bloodPressure": "116/77",
        "temperature": 95,
        "respiratoryRate": 16
      }
    },
    {
      "id": 55,
      "name": "Patient 55",
      "age": 78,
      "gender": "Female",
      "medicalHistory": "Medical History for Patient 55",
      "currentCondition": "Critical",
      "vitalSigns": {
        "heartRate": 133,
        "bloodPressure": "101/83",
        "temperature": 96.3,
        "respiratoryRate": 21
      }
    },
    {
      "id": 56,
      "name": "Patient 56",
      "age": 29,
      "gender": "Male",
      "medicalHistory": "Medical History for Patient 56",
      "currentCondition": "Critical",
      "vitalSigns": {
        "heartRate": 62,
        "bloodPressure": "129/81",
        "temperature": 94.5,
        "respiratoryRate": 13
      }
    },
    {
      "id": 57,
      "name": "Patient 57",
      "age": 24,
      "gender": "Male",
      "medicalHistory": "Medical History for Patient 57",
      "currentCondition": "Stable",
      "vitalSigns": {
        "heartRate": 81,
        "bloodPressure": "133/87",
        "temperature": 96,
        "respiratoryRate": 22
      }
    },
    {
      "id": 58,
      "name": "Patient 58",
      "age": 65,
      "gender": "Male",
      "medicalHistory": "Medical History for Patient 58",
      "currentCondition": "Critical",
      "vitalSigns": {
        "heartRate": 131,
        "bloodPressure": "134/70",
        "temperature": 96.5,
        "respiratoryRate": 16
      }
    },
    {
      "id": 59,
      "name": "Patient 59",
      "age": 85,
      "gender": "Male",
      "medicalHistory": "Medical History for Patient 59",
      "currentCondition": "Stable",
      "vitalSigns": {
        "heartRate": 147,
        "bloodPressure": "121/79",
        "temperature": 94.8,
        "respiratoryRate": 27
      }
    },
    {
      "id": 60,
      "name": "Patient 60",
      "age": 86,
      "gender": "Male",
      "medicalHistory": "Medical History for Patient 60",
      "currentCondition": "Critical",
      "vitalSigns": {
        "heartRate": 79,
        "bloodPressure": "102/62",
        "temperature": 94.6,
        "respiratoryRate": 24
      }
    },
    {
      "id": 61,
      "name": "Patient 61",
      "age": 74,
      "gender": "Female",
      "medicalHistory": "Medical History for Patient 61",
      "currentCondition": "Stable",
      "vitalSigns": {
        "heartRate": 150,
        "bloodPressure": "108/68",
        "temperature": 95.5,
        "respiratoryRate": 30
      }
    },
    {
      "id": 62,
      "name": "Patient 62",
      "age": 20,
      "gender": "Male",
      "medicalHistory": "Medical History for Patient 62",
      "currentCondition": "Stable",
      "vitalSigns": {
        "heartRate": 144,
        "bloodPressure": "90/76",
        "temperature": 95.7,
        "respiratoryRate": 26
      }
    },
    {
      "id": 63,
      "name": "Patient 63",
      "age": 40,
      "gender": "Male",
      "medicalHistory": "Medical History for Patient 63",
      "currentCondition": "Stable",
      "vitalSigns": {
        "heartRate": 103,
        "bloodPressure": "138/89",
        "temperature": 95,
        "respiratoryRate": 21
      }
    },
    {
      "id": 64,
      "name": "Patient 64",
      "age": 75,
      "gender": "Female",
      "medicalHistory": "Medical History for Patient 64",
      "currentCondition": "Stable",
      "vitalSigns": {
        "heartRate": 120,
        "bloodPressure": "107/78",
        "temperature": 93.9,
        "respiratoryRate": 30
      }
    },
    {
      "id": 65,
      "name": "Patient 65",
      "age": 61,
      "gender": "Female",
      "medicalHistory": "Medical History for Patient 65",
      "currentCondition": "Stable",
      "vitalSigns": {
        "heartRate": 126,
        "bloodPressure": "133/62",
        "temperature": 96.9,
        "respiratoryRate": 30
      }
    },
    {
      "id": 66,
      "name": "Patient 66",
      "age": 69,
      "gender": "Male",
      "medicalHistory": "Medical History for Patient 66",
      "currentCondition": "Critical",
      "vitalSigns": {
        "heartRate": 99,
        "bloodPressure": "125/83",
        "temperature": 95.2,
        "respiratoryRate": 18
      }
    },
    {
      "id": 67,
      "name": "Patient 67",
      "age": 25,
      "gender": "Male",
      "medicalHistory": "Medical History for Patient 67",
      "currentCondition": "Critical",
      "vitalSigns": {
        "heartRate": 109,
        "bloodPressure": "125/62",
        "temperature": 95.3,
        "respiratoryRate": 17
      }
    },
    {
      "id": 68,
      "name": "Patient 68",
      "age": 29,
      "gender": "Female",
      "medicalHistory": "Medical History for Patient 68",
      "currentCondition": "Critical",
      "vitalSigns": {
        "heartRate": 73,
        "bloodPressure": "93/67",
        "temperature": 95.8,
        "respiratoryRate": 18
      }
    },
    {
      "id": 69,
      "name": "Patient 69",
      "age": 25,
      "gender": "Female",
      "medicalHistory": "Medical History for Patient 69",
      "currentCondition": "Critical",
      "vitalSigns": {
        "heartRate": 93,
        "bloodPressure": "133/63",
        "temperature": 96.8,
        "respiratoryRate": 19
      }
    },
    {
      "id": 70,
      "name": "Patient 70",
      "age": 68,
      "gender": "Male",
      "medicalHistory": "Medical History for Patient 70",
      "currentCondition": "Critical",
      "vitalSigns": {
        "heartRate": 78,
        "bloodPressure": "103/84",
        "temperature": 94.9,
        "respiratoryRate": 14
      }
    },
    {
      "id": 71,
      "name": "Patient 71",
      "age": 23,
      "gender": "Female",
      "medicalHistory": "Medical History for Patient 71",
      "currentCondition": "Critical",
      "vitalSigns": {
        "heartRate": 126,
        "bloodPressure": "126/84",
        "temperature": 96.3,
        "respiratoryRate": 12
      }
    },
    {
      "id": 72,
      "name": "Patient 72",
      "age": 59,
      "gender": "Female",
      "medicalHistory": "Medical History for Patient 72",
      "currentCondition": "Critical",
      "vitalSigns": {
        "heartRate": 82,
        "bloodPressure": "121/77",
        "temperature": 95.5,
        "respiratoryRate": 30
      }
    },
    {
      "id": 73,
      "name": "Patient 73",
      "age": 79,
      "gender": "Female",
      "medicalHistory": "Medical History for Patient 73",
      "currentCondition": "Critical",
      "vitalSigns": {
        "heartRate": 74,
        "bloodPressure": "103/60",
        "temperature": 95.9,
        "respiratoryRate": 28
      }
    },
    {
      "id": 74,
      "name": "Patient 74",
      "age": 66,
      "gender": "Female",
      "medicalHistory": "Medical History for Patient 74",
      "currentCondition": "Critical",
      "vitalSigns": {
        "heartRate": 85,
        "bloodPressure": "96/79",
        "temperature": 95.9,
        "respiratoryRate": 15
      }
    },
    {
      "id": 75,
      "name": "Patient 75",
      "age": 85,
      "gender": "Male",
      "medicalHistory": "Medical History for Patient 75",
      "currentCondition": "Critical",
      "vitalSigns": {
        "heartRate": 131,
        "bloodPressure": "120/87",
        "temperature": 93.9,
        "respiratoryRate": 15
      }
    },
    {
      "id": 76,
      "name": "Patient 76",
      "age": 84,
      "gender": "Female",
      "medicalHistory": "Medical History for Patient 76",
      "currentCondition": "Critical",
      "vitalSigns": {
        "heartRate": 127,
        "bloodPressure": "136/89",
        "temperature": 94.1,
        "respiratoryRate": 15
      }
    },
    {
      "id": 77,
      "name": "Patient 77",
      "age": 33,
      "gender": "Male",
      "medicalHistory": "Medical History for Patient 77",
      "currentCondition": "Stable",
      "vitalSigns": {
        "heartRate": 124,
        "bloodPressure": "95/80",
        "temperature": 93.9,
        "respiratoryRate": 29
      }
    },
    {
      "id": 78,
      "name": "Patient 78",
      "age": 90,
      "gender": "Male",
      "medicalHistory": "Medical History for Patient 78",
      "currentCondition": "Stable",
      "vitalSigns": {
        "heartRate": 99,
        "bloodPressure": "102/77",
        "temperature": 94.1,
        "respiratoryRate": 29
      }
    },
    {
      "id": 79,
      "name": "Patient 79",
      "age": 22,
      "gender": "Male",
      "medicalHistory": "Medical History for Patient 79",
      "currentCondition": "Stable",
      "vitalSigns": {
        "heartRate": 149,
        "bloodPressure": "100/78",
        "temperature": 94.5,
        "respiratoryRate": 30
      }
    },
    {
      "id": 80,
      "name": "Patient 80",
      "age": 28,
      "gender": "Male",
      "medicalHistory": "Medical History for Patient 80",
      "currentCondition": "Critical",
      "vitalSigns": {
        "heartRate": 77,
        "bloodPressure": "132/88",
        "temperature": 94.3,
        "respiratoryRate": 18
      }
    },
    {
      "id": 81,
      "name": "Patient 81",
      "age": 70,
      "gender": "Female",
      "medicalHistory": "Medical History for Patient 81",
      "currentCondition": "Critical",
      "vitalSigns": {
        "heartRate": 117,
        "bloodPressure": "125/61",
        "temperature": 96.4,
        "respiratoryRate": 16
      }
    },
    {
      "id": 82,
      "name": "Patient 82",
      "age": 25,
      "gender": "Female",
      "medicalHistory": "Medical History for Patient 82",
      "currentCondition": "Stable",
      "vitalSigns": {
        "heartRate": 71,
        "bloodPressure": "119/76",
        "temperature": 97,
        "respiratoryRate": 29
      }
    },
    {
      "id": 83,
      "name": "Patient 83",
      "age": 28,
      "gender": "Male",
      "medicalHistory": "Medical History for Patient 83",
      "currentCondition": "Critical",
      "vitalSigns": {
        "heartRate": 112,
        "bloodPressure": "96/81",
        "temperature": 96.3,
        "respiratoryRate": 12
      }
    },
    {
      "id": 84,
      "name": "Patient 84",
      "age": 64,
      "gender": "Male",
      "medicalHistory": "Medical History for Patient 84",
      "currentCondition": "Stable",
      "vitalSigns": {
        "heartRate": 69,
        "bloodPressure": "93/71",
        "temperature": 95.8,
        "respiratoryRate": 23
      }
    },
    {
      "id": 85,
      "name": "Patient 85",
      "age": 69,
      "gender": "Male",
      "medicalHistory": "Medical History for Patient 85",
      "currentCondition": "Critical",
      "vitalSigns": {
        "heartRate": 65,
        "bloodPressure": "106/90",
        "temperature": 96.7,
        "respiratoryRate": 16
      }
    },
    {
      "id": 86,
      "name": "Patient 86",
      "age": 27,
      "gender": "Male",
      "medicalHistory": "Medical History for Patient 86",
      "currentCondition": "Critical",
      "vitalSigns": {
        "heartRate": 134,
        "bloodPressure": "130/75",
        "temperature": 94.3,
        "respiratoryRate": 20
      }
    },
    {
      "id": 87,
      "name": "Patient 87",
      "age": 77,
      "gender": "Male",
      "medicalHistory": "Medical History for Patient 87",
      "currentCondition": "Critical",
      "vitalSigns": {
        "heartRate": 61,
        "bloodPressure": "124/73",
        "temperature": 96.6,
        "respiratoryRate": 14
      }
    },
    {
      "id": 88,
      "name": "Patient 88",
      "age": 76,
      "gender": "Male",
      "medicalHistory": "Medical History for Patient 88",
      "currentCondition": "Stable",
      "vitalSigns": {
        "heartRate": 104,
        "bloodPressure": "90/89",
        "temperature": 93.7,
        "respiratoryRate": 17
      }
    },
    {
      "id": 89,
      "name": "Patient 89",
      "age": 63,
      "gender": "Male",
      "medicalHistory": "Medical History for Patient 89",
      "currentCondition": "Critical",
      "vitalSigns": {
        "heartRate": 126,
        "bloodPressure": "131/77",
        "temperature": 96.3,
        "respiratoryRate": 25
      }
    },
    {
      "id": 90,
      "name": "Patient 90",
      "age": 80,
      "gender": "Male",
      "medicalHistory": "Medical History for Patient 90",
      "currentCondition": "Stable",
      "vitalSigns": {
        "heartRate": 107,
        "bloodPressure": "110/90",
        "temperature": 96.3,
        "respiratoryRate": 22
      }
    },
    {
      "id": 91,
      "name": "Patient 91",
      "age": 34,
      "gender": "Male",
      "medicalHistory": "Medical History for Patient 91",
      "currentCondition": "Critical",
      "vitalSigns": {
        "heartRate": 110,
        "bloodPressure": "136/70",
        "temperature": 94.1,
        "respiratoryRate": 28
      }
    },
    {
      "id": 92,
      "name": "Patient 92",
      "age": 89,
      "gender": "Male",
      "medicalHistory": "Medical History for Patient 92",
      "currentCondition": "Critical",
      "vitalSigns": {
        "heartRate": 68,
        "bloodPressure": "121/77",
        "temperature": 94.4,
        "respiratoryRate": 28
      }
    },
    {
      "id": 93,
      "name": "Patient 93",
      "age": 67,
      "gender": "Female",
      "medicalHistory": "Medical History for Patient 93",
      "currentCondition": "Stable",
      "vitalSigns": {
        "heartRate": 62,
        "bloodPressure": "97/60",
        "temperature": 95.6,
        "respiratoryRate": 29
      }
    },
    {
      "id": 94,
      "name": "Patient 94",
      "age": 45,
      "gender": "Male",
      "medicalHistory": "Medical History for Patient 94",
      "currentCondition": "Critical",
      "vitalSigns": {
        "heartRate": 126,
        "bloodPressure": "122/86",
        "temperature": 96.4,
        "respiratoryRate": 12
      }
    },
    {
      "id": 95,
      "name": "Patient 95",
      "age": 26,
      "gender": "Male",
      "medicalHistory": "Medical History for Patient 95",
      "currentCondition": "Critical",
      "vitalSigns": {
        "heartRate": 111,
        "bloodPressure": "94/89",
        "temperature": 95,
        "respiratoryRate": 20
      }
    },
    {
      "id": 96,
      "name": "Patient 96",
      "age": 32,
      "gender": "Female",
      "medicalHistory": "Medical History for Patient 96",
      "currentCondition": "Stable",
      "vitalSigns": {
        "heartRate": 97,
        "bloodPressure": "136/74",
        "temperature": 95.5,
        "respiratoryRate": 18
      }
    },
    {
      "id": 97,
      "name": "Patient 97",
      "age": 36,
      "gender": "Male",
      "medicalHistory": "Medical History for Patient 97",
      "currentCondition": "Critical",
      "vitalSigns": {
        "heartRate": 112,
        "bloodPressure": "138/67",
        "temperature": 93.3,
        "respiratoryRate": 17
      }
    },
    {
      "id": 98,
      "name": "Patient 98",
      "age": 33,
      "gender": "Female",
      "medicalHistory": "Medical History for Patient 98",
      "currentCondition": "Critical",
      "vitalSigns": {
        "heartRate": 133,
        "bloodPressure": "134/67",
        "temperature": 94.5,
        "respiratoryRate": 12
      }
    },
    {
      "id": 99,
      "name": "Patient 99",
      "age": 67,
      "gender": "Male",
      "medicalHistory": "Medical History for Patient 99",
      "currentCondition": "Stable",
      "vitalSigns": {
        "heartRate": 143,
        "bloodPressure": "105/67",
        "temperature": 94.8,
        "respiratoryRate": 17
      }
    },
    {
      "id": 100,
      "name": "Patient 100",
      "age": 77,
      "gender": "Female",
      "medicalHistory": "Medical History for Patient 100",
      "currentCondition": "Stable",
      "vitalSigns": {
        "heartRate": 131,
        "bloodPressure": "98/67",
        "temperature": 95.6,
        "respiratoryRate": 16
      }
    }
  ]
}